group,combo,combo_w%,control_all_women_w%,healthy_w%
No education,HGB,29.75,29.23,16.23
Primary,HGB,28.36,29.23,15.57
Secondary,HGB,31.14,29.23,19.56
Higher,HGB,22.79,29.23,19.02
Unknown,HGB,,29.23,
No education,BMI+WAIST+HGB,11.29,12.89,16.23
Primary,BMI+WAIST+HGB,13.78,12.89,15.57
Secondary,BMI+WAIST+HGB,12.71,12.89,19.56
Higher,BMI+WAIST+HGB,15.15,12.89,19.02
Unknown,BMI+WAIST+HGB,,12.89,
No education,BMI+WAIST,9.14,10.71,16.23
Primary,BMI+WAIST,10.54,10.71,15.57
Secondary,BMI+WAIST,10.25,10.71,19.56
Higher,BMI+WAIST,14.67,10.71,19.02
Unknown,BMI+WAIST,,10.71,
No education,WAIST+HGB,7.0,6.27,16.23
Primary,WAIST+HGB,6.43,6.27,15.57
Secondary,WAIST+HGB,5.87,6.27,19.56
Higher,WAIST+HGB,6.37,6.27,19.02
Unknown,WAIST+HGB,,6.27,
No education,WAIST,4.44,4.54,16.23
Primary,WAIST,4.22,4.54,15.57
Secondary,WAIST,4.2,4.54,19.56
Higher,WAIST,6.05,4.54,19.02
Unknown,WAIST,,4.54,
